Workbook

Sheet Sheet1
A1: 关系视图里缺少一个唯一值的小票流水号
A2: 1 | B2: 新建表 | C2: 小票流水 = Values('销售表'[小票流水号])
A3: 因为要分析买了某一商品的顾客还买了其它什么商品？
A4: 2 | B4: 虚拟表 | C4: 关联商品表 = '商品表'
A5: 将商品表里面的商品名称放到矩阵中，接下来计算一下购买商品的顾客人数
A6: 3 | B6: 度量值 | C6: 人数 = COUNTROWS(VALUES('销售表'[小票流水号] ))
A7: 做一个切片器，将关系商品表中的商品名称做筛选条件
A9: 重点： | B9: 计算A和B同时购买的人数
A10: 4 | B10: 度量值 | C10: A和B = VAR a=CALCULATETABLE(VALUES('销售表'[小票流水号]),USERELATIONSHIP('关联商品表'[商品编码],'销售表'[商品编码]),ALL('商品表')) return calculate([人数],a)
A22: 5 | B22: 计算占比 | C22: 占比 = divide([A和B],[人数] )
A23: 6 | B23: 将以上度量值放入矩阵
A24: 7 | C24: A销售金额 = SUM('销售表'[销售金额] )
A25: 8 | C25: B销售金额 = CALCULATE([A销售金额],USERELATIONSHIP('关联商品表'[商品编码],'销售表'[商品编码]),ALL('商品表'))
A26: 9 | C26: A和B金额 = var b = CALCULATETABLE(VALUES('销售表'[小票流水号])) var c = CALCULATETABLE(VALUES('销售表'[小票流水号]),USERELATIONSHIP('关联商品表'[商品编码],'销售表'[商品编码]),ALL('商品表')) return calculate([B销售金额],NATURALINNERJOIN(b,c))

Sheet 商品表
A1: 商品编码 | B1: 商品名称 | C1: 售价 | D1: 进价
A2: 101 | B2: 鸡蛋 | C2: 2.5 | D2: 3
A3: 102 | B3: 西红柿 | C3: 7.9 | D3: 5
A4: 103 | B4: 菠菜 | C4: 3.5 | D4: 2.5
A5: 104 | B5: 卫生纸 | C5: 19.9 | D5: 17.9
A6: 105 | B6: 豆角 | C6: 8.8 | D6: 6.8
A7: 106 | B7: 黄瓜 | C7: 5.9 | D7: 3.9

Sheet 日期表
A1: 日期 | B1: 星期
A2: 43891 | B2: 周日
A3: 43892 | B3: 周一

Sheet 销售表
A1: 日期 | B1: 小票流水号 | C1: 商品编码 | D1: 销售数量 | E1: 售价 | F1: 进价 | G1: 销售金额 | H1: 毛利额
A2: 43891 | B2: A2020301001 | C2: 101 | D2: =RANDBETWEEN(3,10) -> 10 | E2: =VLOOKUP(C2,商品表!A:C,3,0) -> 2.5 | F2: =VLOOKUP(C2,商品表!A:D,4,0) -> 3 | G2: =D2*E2 -> 25 | H2: =D2*(E2-F2) -> -5
A3: 43891 | B3: A2020301001 | C3: 102 | D3: =RANDBETWEEN(3,10) -> 6 | E3: =VLOOKUP(C3,商品表!A:C,3,0) -> 7.9 | F3: =VLOOKUP(C3,商品表!A:D,4,0) -> 5 | G3: =D3*E3 -> 47.4 | H3: =D3*(E3-F3) -> 17.4
A4: 43891 | B4: A2020301002 | C4: 101 | D4: =RANDBETWEEN(3,10) -> 7 | E4: =VLOOKUP(C4,商品表!A:C,3,0) -> 2.5 | F4: =VLOOKUP(C4,商品表!A:D,4,0) -> 3 | G4: =D4*E4 -> 17.5 | H4: =D4*(E4-F4) -> -3.5
A5: 43891 | B5: A2020301003 | C5: 101 | D5: =RANDBETWEEN(3,10) -> 7 | E5: =VLOOKUP(C5,商品表!A:C,3,0) -> 2.5 | F5: =VLOOKUP(C5,商品表!A:D,4,0) -> 3 | G5: =D5*E5 -> 17.5 | H5: =D5*(E5-F5) -> -3.5
A6: 43891 | B6: A2020301003 | C6: 103 | D6: =RANDBETWEEN(3,10) -> 4 | E6: =VLOOKUP(C6,商品表!A:C,3,0) -> 3.5 | F6: =VLOOKUP(C6,商品表!A:D,4,0) -> 2.5 | G6: =D6*E6 -> 14 | H6: =D6*(E6-F6) -> 4
A7: 43891 | B7: A2020301004 | C7: 101 | D7: =RANDBETWEEN(3,10) -> 5 | E7: =VLOOKUP(C7,商品表!A:C,3,0) -> 2.5 | F7: =VLOOKUP(C7,商品表!A:D,4,0) -> 3 | G7: =D7*E7 -> 12.5 | H7: =D7*(E7-F7) -> -2.5
A8: 43891 | B8: A2020301004 | C8: 104 | D8: =RANDBETWEEN(3,10) -> 7 | E8: =VLOOKUP(C8,商品表!A:C,3,0) -> 19.9 | F8: =VLOOKUP(C8,商品表!A:D,4,0) -> 17.9 | G8: =D8*E8 -> 139.3 | H8: =D8*(E8-F8) -> 14
A9: 43891 | B9: A2020301005 | C9: 101 | D9: =RANDBETWEEN(3,10) -> 9 | E9: =VLOOKUP(C9,商品表!A:C,3,0) -> 2.5 | F9: =VLOOKUP(C9,商品表!A:D,4,0) -> 3 | G9: =D9*E9 -> 22.5 | H9: =D9*(E9-F9) -> -4.5
A10: 43891 | B10: A2020301005 | C10: 102 | D10: =RANDBETWEEN(3,10) -> 3 | E10: =VLOOKUP(C10,商品表!A:C,3,0) -> 7.9 | F10: =VLOOKUP(C10,商品表!A:D,4,0) -> 5 | G10: =D10*E10 -> 23.7 | H10: =D10*(E10-F10) -> 8.7
A11: 43891 | B11: A2020301006 | C11: 101 | D11: =RANDBETWEEN(3,10) -> 9 | E11: =VLOOKUP(C11,商品表!A:C,3,0) -> 2.5 | F11: =VLOOKUP(C11,商品表!A:D,4,0) -> 3 | G11: =D11*E11 -> 22.5 | H11: =D11*(E11-F11) -> -4.5
A12: 43891 | B12: A2020301006 | C12: 102 | D12: =RANDBETWEEN(3,10) -> 5 | E12: =VLOOKUP(C12,商品表!A:C,3,0) -> 7.9 | F12: =VLOOKUP(C12,商品表!A:D,4,0) -> 5 | G12: =D12*E12 -> 39.5 | H12: =D12*(E12-F12) -> 14.5
A13: 43891 | B13: A2020301007 | C13: 101 | D13: =RANDBETWEEN(3,10) -> 9 | E13: =VLOOKUP(C13,商品表!A:C,3,0) -> 2.5 | F13: =VLOOKUP(C13,商品表!A:D,4,0) -> 3 | G13: =D13*E13 -> 22.5 | H13: =D13*(E13-F13) -> -4.5
... A241: 43892 | B241: A2020302070 | C241: 102 | D241: =RANDBETWEEN(3,10) -> 5 | E241: =VLOOKUP(C241,商品表!A:C,3,0) -> 7.9 | F241: =VLOOKUP(C241,商品表!A:D,4,0) -> 5 | G241: =D241*E241 -> 39.5 | H241: =D241*(E241-F241) -> 14.5
